,life_expectancy,life_expectancy,life_expectancy,life_expectancy,life_expectancy,gdp_per_capita,gdp_per_capita,gdp_per_capita,gdp_per_capita,gdp_per_capita,internet_users_percent,internet_users_percent,internet_users_percent,internet_users_percent,internet_users_percent,infant_mortality_rate,infant_mortality_rate,infant_mortality_rate,infant_mortality_rate,infant_mortality_rate
,mean,median,std,min,max,mean,median,std,min,max,mean,median,std,min,max,mean,median,std,min,max
income_group,,,,,,,,,,,,,,,,,,,,
High income: OECD,79.47382847222222,79.98535,2.5337550498585246,70.2585,84.0998,36298.73527777778,34784.3,21103.77210879481,4070.03,118824.0,65.53850583683544,70.63,22.507545286608142,6.99968,98.26,4.081944444444444,3.8,1.4364764997379929,1.5,9.2
High income: nonOECD,75.60833806343906,75.9122,5.116865279267585,53.279,85.4171,28533.3205509182,21700.0,25217.670922008776,1725.55,178846.0,47.15604218414046,49.0,25.88726609990966,0.132355,100.0,25.385192565411984,12.2,31.572202902961184,2.0,176.05
Low income,56.64056686626746,57.228,5.918801079443365,39.441,70.169,524.3556686626747,467.078,274.209785896357,111.927,1602.4,4.18229378704681,1.8,5.734169342780039,0.0045614,34.0,68.24051896207585,66.2,21.664079369549484,25.1,142.4
Lower middle income,65.63775065868263,67.9561,7.472508609650681,42.518,76.648,1733.546766467066,1405.44,1054.6143493449106,137.168,5879.7,13.553909705097752,7.3,14.988969114137225,0.0,76.1245,39.77149700598802,35.3,21.66268995867075,6.7,110.9
Upper middle income,71.39626662804172,72.9707,5.938094274838221,46.522,79.914,5341.892636152955,4964.83,2687.569421524826,474.217,15166.1,26.026717124338624,21.23,20.612449501417114,0.105046,80.1405,20.631981460023177,16.4,15.257554414745266,2.5,122.2
